user_id,first_name,last_name,email_id
1,Eustace,McCoid,team2info7374@gmail.com
2,Isador,Maestro,team2info7374@gmail.com
3,Irv,Gaskins,team2info7374@gmail.com
4,Bengt,Serot,team2info7374@gmail.com
5,Darrel,Brennon,team2info7374@gmail.com
6,Cairistiona,Ricoald,team2info7374@gmail.com
7,Susy,Van Vuren,team2info7374@gmail.com
8,Mirabelle,O' Molan,team2info7374@gmail.com
9,Hilarius,Lamberti,team2info7374@gmail.com
10,Deirdre,MacCambridge,team2info7374@gmail.com
11,Glenna,Archbould,team2info7374@gmail.com
12,Maren,Pietrowski,team2info7374@gmail.com
13,Skipper,Fettis,team2info7374@gmail.com
14,Stillmann,Venus,team2info7374@gmail.com
15,Sidney,O'Loughlin,team2info7374@gmail.com
16,Wilma,Wigley,team2info7374@gmail.com
17,Ann-marie,Fairburne,team2info7374@gmail.com
18,Celka,Berriman,team2info7374@gmail.com
19,Yetta,Lascelles,team2info7374@gmail.com
20,Jocelyne,Van Niekerk,team2info7374@gmail.com
21,Brig,Doran,team2info7374@gmail.com
22,Serena,Gatherell,team2info7374@gmail.com
23,Jenna,Goulbourn,team2info7374@gmail.com
24,Andrej,Christofle,team2info7374@gmail.com
25,Clemens,Duddy,team2info7374@gmail.com
26,Patrica,Kubalek,team2info7374@gmail.com
27,Amie,Rickcord,team2info7374@gmail.com
28,Myrilla,Scarrott,team2info7374@gmail.com
29,Horton,Impy,team2info7374@gmail.com
30,Georg,Brigden,team2info7374@gmail.com
31,Cam,Laverenz,team2info7374@gmail.com
32,Rennie,Roofe,team2info7374@gmail.com
33,Angelita,Lopes,team2info7374@gmail.com
34,Richard,Milius,team2info7374@gmail.com
35,Grissel,McGuane,team2info7374@gmail.com
36,Rodney,Totterdell,team2info7374@gmail.com
37,Shayne,Durtnell,team2info7374@gmail.com
38,Cooper,Wehnerr,team2info7374@gmail.com
39,Kristin,Arkil,team2info7374@gmail.com
40,Cordi,Whoolehan,team2info7374@gmail.com
41,Andrea,Cruden,team2info7374@gmail.com
42,Kristal,Mallabar,team2info7374@gmail.com
43,Franny,Bloor,team2info7374@gmail.com
44,Vince,Randales,team2info7374@gmail.com
45,Amil,Casterton,team2info7374@gmail.com
46,Victoria,Horney,team2info7374@gmail.com
47,Jenda,Willgrass,team2info7374@gmail.com
48,Stephenie,Topley,team2info7374@gmail.com
49,Alyssa,Dugue,team2info7374@gmail.com
50,Jacintha,Patis,team2info7374@gmail.com
51,Laverna,Darte,team2info7374@gmail.com
52,Sher,Essberger,team2info7374@gmail.com
53,Berget,Whaplington,team2info7374@gmail.com
54,Johnna,Vickress,team2info7374@gmail.com
55,Wade,McGrayle,team2info7374@gmail.com
56,Travis,Pledger,team2info7374@gmail.com
57,Kellen,Dumbrall,team2info7374@gmail.com
58,Lucine,Slee,team2info7374@gmail.com
59,Jay,Peele,team2info7374@gmail.com
60,Adi,Jindrich,team2info7374@gmail.com
61,Ignace,Fernanando,team2info7374@gmail.com
62,Leodora,Arney,team2info7374@gmail.com
63,Sharona,Filochov,team2info7374@gmail.com
64,Jolene,Olifaunt,team2info7374@gmail.com
65,Shelby,Stannas,team2info7374@gmail.com
66,Danie,Capron,team2info7374@gmail.com
67,Frants,Churm,team2info7374@gmail.com
68,Lavena,Patria,team2info7374@gmail.com
69,Pammy,Langdridge,team2info7374@gmail.com
70,Leonelle,Dearn,team2info7374@gmail.com
71,Johann,Cornwall,team2info7374@gmail.com
72,Cyrille,Rotte,team2info7374@gmail.com
73,Brynne,Donisthorpe,team2info7374@gmail.com
74,Lorrie,MacCook,team2info7374@gmail.com
75,Sayre,Coule,team2info7374@gmail.com
76,Adan,Akrigg,team2info7374@gmail.com
77,Elysia,Beere,team2info7374@gmail.com
78,Wes,Woolmington,team2info7374@gmail.com
79,Hershel,Dyball,team2info7374@gmail.com
80,Carita,MacCurley,team2info7374@gmail.com
81,Regan,Tern,team2info7374@gmail.com
82,Desiree,Kilfedder,team2info7374@gmail.com
83,Brad,Fosh,team2info7374@gmail.com
84,Liliane,Lorincz,team2info7374@gmail.com
85,Cleon,Castillou,team2info7374@gmail.com
86,Reinaldos,McKern,team2info7374@gmail.com
87,Ferdy,Cosser,team2info7374@gmail.com
88,Babette,Totman,team2info7374@gmail.com
89,Tabbi,Traite,team2info7374@gmail.com
90,Silvio,Selwyn,team2info7374@gmail.com
91,Minny,Fenich,team2info7374@gmail.com
92,Barry,Castleman,team2info7374@gmail.com
93,Elana,Eggers,team2info7374@gmail.com
94,Reginauld,Ginn,team2info7374@gmail.com
95,Roarke,Badman,team2info7374@gmail.com
96,Waylin,Marchiso,team2info7374@gmail.com
97,Carlo,Betterton,team2info7374@gmail.com
98,Tally,Sisson,team2info7374@gmail.com
99,Amy,Macro,team2info7374@gmail.com
100,Timothea,Linthead,team2info7374@gmail.com
101,Aurilia,Brocklebank,team2info7374@gmail.com
102,Broderick,Yeaman,team2info7374@gmail.com
103,Doll,Livezley,team2info7374@gmail.com
104,Zebulon,Currie,team2info7374@gmail.com
105,Kali,Dawks,team2info7374@gmail.com
106,Trefor,Robun,team2info7374@gmail.com
107,Wadsworth,Wither,team2info7374@gmail.com
108,Nada,Gibby,team2info7374@gmail.com
109,Gabie,Aberchirder,team2info7374@gmail.com
110,Owen,Attarge,team2info7374@gmail.com
111,Tami,O'Bruen,team2info7374@gmail.com
112,Keen,Helkin,team2info7374@gmail.com
113,Onofredo,Benninck,team2info7374@gmail.com
114,Pam,Ruppert,team2info7374@gmail.com
115,Alan,Iacovo,team2info7374@gmail.com
116,Allistir,Arnao,team2info7374@gmail.com
117,Ellynn,Simoncelli,team2info7374@gmail.com
118,Sybil,Whitwood,team2info7374@gmail.com
119,Noble,Bras,team2info7374@gmail.com
120,Kevina,Scedall,team2info7374@gmail.com
121,Clair,Picard,team2info7374@gmail.com
122,Lulita,Sparway,team2info7374@gmail.com
123,Mirella,Jefferys,team2info7374@gmail.com
124,Elonore,Millis,team2info7374@gmail.com
125,Diandra,Romera,team2info7374@gmail.com
126,Farleigh,Trenear,team2info7374@gmail.com
127,Grange,Malarkey,team2info7374@gmail.com
128,Dusty,Drinkel,team2info7374@gmail.com
129,Mordecai,Barck,team2info7374@gmail.com
130,Anatola,Marshallsay,team2info7374@gmail.com
131,Chandal,Eddins,team2info7374@gmail.com
132,Adina,Yallop,team2info7374@gmail.com
133,Lynde,MacCague,team2info7374@gmail.com
134,Niki,Drury,team2info7374@gmail.com
135,Karylin,Kesby,team2info7374@gmail.com
136,Sidonnie,Ellul,team2info7374@gmail.com
137,Corie,Pavlovsky,team2info7374@gmail.com
138,Penn,Pocklington,team2info7374@gmail.com
139,Anstice,Corpes,team2info7374@gmail.com
140,Kellsie,Jannings,team2info7374@gmail.com
141,Rodrique,Forsyth,team2info7374@gmail.com
142,Veronique,Siggens,team2info7374@gmail.com
143,Louie,Sherebrook,team2info7374@gmail.com
144,Karina,Laurance,team2info7374@gmail.com
145,Courtnay,Sperski,team2info7374@gmail.com
146,Dar,Rutt,team2info7374@gmail.com
147,Percy,Stansby,team2info7374@gmail.com
148,Bo,Lay,team2info7374@gmail.com
149,Garland,Tabourin,team2info7374@gmail.com
150,Shannan,Surman-Wells,team2info7374@gmail.com
151,Maybelle,Kegley,team2info7374@gmail.com
152,Manon,Badsey,team2info7374@gmail.com
153,Brannon,Mantripp,team2info7374@gmail.com
154,Hinda,Cozens,team2info7374@gmail.com
155,Pacorro,Domleo,team2info7374@gmail.com
156,Hobard,Gaylor,team2info7374@gmail.com
157,Annamarie,Anglin,team2info7374@gmail.com
158,Inger,Pavolini,team2info7374@gmail.com
159,Genevra,Antognozzii,team2info7374@gmail.com
160,Glennis,Jaye,team2info7374@gmail.com
161,Marge,Ledwidge,team2info7374@gmail.com
162,Dorette,Barnwill,team2info7374@gmail.com
163,Hermina,Crowdson,team2info7374@gmail.com
164,Elwyn,Gratrix,team2info7374@gmail.com
165,Lamont,Tringham,team2info7374@gmail.com
166,Daryl,Cavalier,team2info7374@gmail.com
167,Pearla,Hamlington,team2info7374@gmail.com
168,Chrotoem,Madoc-Jones,team2info7374@gmail.com
169,Edd,Beever,team2info7374@gmail.com
170,Sloane,Brewett,team2info7374@gmail.com
171,Norris,Zapata,team2info7374@gmail.com
172,Nolie,Jantzen,team2info7374@gmail.com
173,Kareem,McCart,team2info7374@gmail.com
174,Berky,Tessier,team2info7374@gmail.com
175,Tait,Virr,team2info7374@gmail.com
176,Veradis,Futty,team2info7374@gmail.com
177,Mordecai,Done,team2info7374@gmail.com
178,Ddene,Simond,team2info7374@gmail.com
179,Melvyn,Blanchet,team2info7374@gmail.com
180,Chariot,Vivien,team2info7374@gmail.com
181,Ellyn,Sennett,team2info7374@gmail.com
182,Kandy,Arrol,team2info7374@gmail.com
183,Anjela,Haylands,team2info7374@gmail.com
184,Lowe,Ravel,team2info7374@gmail.com
185,Alfonse,Gellion,team2info7374@gmail.com
186,Frank,Hutchings,team2info7374@gmail.com
187,Ivy,Pow,team2info7374@gmail.com
188,Odelia,FitzGeorge,team2info7374@gmail.com
189,Staffard,Fison,team2info7374@gmail.com
190,Francoise,Fooks,team2info7374@gmail.com
191,Fiorenze,Keep,team2info7374@gmail.com
192,Morten,Franceschino,team2info7374@gmail.com
193,Kim,Guppey,team2info7374@gmail.com
194,Jennilee,Kaming,team2info7374@gmail.com
195,Job,Simcox,team2info7374@gmail.com
196,Tamma,Gemmell,team2info7374@gmail.com
197,Douglas,Johnikin,team2info7374@gmail.com
198,Shell,Maffiotti,team2info7374@gmail.com
199,Sheridan,Trew,team2info7374@gmail.com
200,Claribel,Jarrell,team2info7374@gmail.com
201,Rolf,Stanger,team2info7374@gmail.com
202,Heidi,Littlefield,team2info7374@gmail.com
203,Tobye,Brammer,team2info7374@gmail.com
204,Orbadiah,Castagnier,team2info7374@gmail.com
205,Florida,Scanlan,team2info7374@gmail.com
206,Dannie,Maldin,team2info7374@gmail.com
207,Olin,Woodley,team2info7374@gmail.com
208,Kathye,Cruz,team2info7374@gmail.com
209,Gwyneth,Jones,team2info7374@gmail.com
210,Serena,Delwater,team2info7374@gmail.com
211,Johnna,Habbes,team2info7374@gmail.com
212,Arel,Chsteney,team2info7374@gmail.com
213,Debera,Jarrette,team2info7374@gmail.com
214,Tersina,Durran,team2info7374@gmail.com
215,Krystle,Zanutti,team2info7374@gmail.com
216,Rollins,Arnao,team2info7374@gmail.com
217,Grayce,Gilbanks,team2info7374@gmail.com
218,Joleen,Bulmer,team2info7374@gmail.com
219,Karl,Talkington,team2info7374@gmail.com
220,Jobey,Reisenstein,team2info7374@gmail.com
221,Stillman,Folbige,team2info7374@gmail.com
222,Chane,Ranklin,team2info7374@gmail.com
223,Florinda,Mote,team2info7374@gmail.com
224,Mattie,Henryson,team2info7374@gmail.com
225,Baryram,Klimentyonok,team2info7374@gmail.com
226,Lindsey,Maunders,team2info7374@gmail.com
227,Alex,Dryburgh,team2info7374@gmail.com
228,Auguste,Shakspeare,team2info7374@gmail.com
229,Juliette,Otham,team2info7374@gmail.com
230,Margery,Foster-Smith,team2info7374@gmail.com
231,Dodie,Wickins,team2info7374@gmail.com
232,Quinlan,Matson,team2info7374@gmail.com
233,Paxton,Gout,team2info7374@gmail.com
234,Cathrin,Gogerty,team2info7374@gmail.com
235,Aurie,Cowndley,team2info7374@gmail.com
236,Clevey,Clowsley,team2info7374@gmail.com
237,Cass,Grigson,team2info7374@gmail.com
238,Morna,Rossetti,team2info7374@gmail.com
239,Stephine,Koopman,team2info7374@gmail.com
240,Nikolos,Cristou,team2info7374@gmail.com
241,Candace,Slainey,team2info7374@gmail.com
242,Kirstyn,Bartkowiak,team2info7374@gmail.com
243,Brit,Donnell,team2info7374@gmail.com
244,Barr,Lightbourne,team2info7374@gmail.com
245,Pavia,Berford,team2info7374@gmail.com
246,Jessamyn,Bassingden,team2info7374@gmail.com
247,Vaclav,Burkwood,team2info7374@gmail.com
248,Corrinne,Klageman,team2info7374@gmail.com
249,Rayshell,Greenshields,team2info7374@gmail.com
250,Ekaterina,Nitti,team2info7374@gmail.com
251,Sharline,Bickerton,team2info7374@gmail.com
252,Ninnetta,Easterling,team2info7374@gmail.com
253,Roland,Morrow,team2info7374@gmail.com
254,Noach,Antonazzi,team2info7374@gmail.com
255,Alvan,Wedlake,team2info7374@gmail.com
256,Saxe,Basile,team2info7374@gmail.com
257,Hyacinth,Dallyn,team2info7374@gmail.com
258,Delmar,Laurens,team2info7374@gmail.com
259,Ignacio,Curling,team2info7374@gmail.com
260,Agustin,Sink,team2info7374@gmail.com
261,Ermanno,Lowers,team2info7374@gmail.com
262,Yoshi,Rowland,team2info7374@gmail.com
263,Ford,Arnould,team2info7374@gmail.com
264,Edan,Fellgett,team2info7374@gmail.com
265,Minda,Gozard,team2info7374@gmail.com
266,Leanora,Sheardown,team2info7374@gmail.com
267,Alva,Dutnall,team2info7374@gmail.com
268,Lyndel,Ling,team2info7374@gmail.com
269,Robenia,Denekamp,team2info7374@gmail.com
270,Magdaia,Grellis,team2info7374@gmail.com
271,Morton,Seger,team2info7374@gmail.com
272,Ferdie,Nilles,team2info7374@gmail.com
273,Clarine,Yerrell,team2info7374@gmail.com
274,Maurits,Wyborn,team2info7374@gmail.com
275,Dione,Cowans,team2info7374@gmail.com
276,Stanislas,Burrass,team2info7374@gmail.com
277,Walt,Ivanaev,team2info7374@gmail.com
278,Mada,Rollings,team2info7374@gmail.com
279,Malachi,Hollyer,team2info7374@gmail.com
280,Zacharia,Fairey,team2info7374@gmail.com
281,Colas,Banfill,team2info7374@gmail.com
282,Layne,Fawdrie,team2info7374@gmail.com
283,Josselyn,Noor,team2info7374@gmail.com
284,Gail,Reolfi,team2info7374@gmail.com
285,Estevan,Crauford,team2info7374@gmail.com
286,Talyah,MacAlaster,team2info7374@gmail.com
287,Roberta,Nockells,team2info7374@gmail.com
288,Kenn,Tritton,team2info7374@gmail.com
289,Jocelin,Simecek,team2info7374@gmail.com
290,Caty,Rothman,team2info7374@gmail.com
291,Rollins,McBrearty,team2info7374@gmail.com
292,Caritta,Von Der Empten,team2info7374@gmail.com
293,Dore,Barnes,team2info7374@gmail.com
294,Davida,Featherstonehaugh,team2info7374@gmail.com
295,Genvieve,Heineking,team2info7374@gmail.com
296,Monroe,Crowhurst,team2info7374@gmail.com
297,Jonathon,Snowman,team2info7374@gmail.com
298,Selena,Witchell,team2info7374@gmail.com
299,Correy,Raund,team2info7374@gmail.com
300,Marrilee,Dawbery,team2info7374@gmail.com
301,Mariana,Fassbindler,team2info7374@gmail.com
302,Harvey,Linne,team2info7374@gmail.com
303,Sarette,Cawston,team2info7374@gmail.com
304,Hamlin,Jaqueme,team2info7374@gmail.com
305,Natividad,Kmiec,team2info7374@gmail.com
306,Kellen,Durrance,team2info7374@gmail.com
307,Hortense,Lindblom,team2info7374@gmail.com
308,Aidan,McLurg,team2info7374@gmail.com
309,June,Follacaro,team2info7374@gmail.com
310,Quintina,Sharvell,team2info7374@gmail.com
311,Francklin,Shilleto,team2info7374@gmail.com
312,Gothart,Hackin,team2info7374@gmail.com
313,Wald,Rimington,team2info7374@gmail.com
314,Dieter,O'Conor,team2info7374@gmail.com
315,Granny,Galsworthy,team2info7374@gmail.com
316,Portie,Meltetal,team2info7374@gmail.com
317,Forster,Rickword,team2info7374@gmail.com
318,Garrot,Gervaise,team2info7374@gmail.com
319,Rorke,Gregson,team2info7374@gmail.com
320,Kin,Haulkham,team2info7374@gmail.com
321,Dorelia,Legg,team2info7374@gmail.com
322,Laurent,Harniman,team2info7374@gmail.com
323,Erhard,Boeck,team2info7374@gmail.com
324,Morry,Felten,team2info7374@gmail.com
325,Terencio,Eslinger,team2info7374@gmail.com
326,Germayne,Alanbrooke,team2info7374@gmail.com
327,Bentlee,Gladdin,team2info7374@gmail.com
328,Brok,Stapleford,team2info7374@gmail.com
329,Giacobo,MacCrossan,team2info7374@gmail.com
330,Brianna,Ducarel,team2info7374@gmail.com
331,Aldous,Louisot,team2info7374@gmail.com
332,Willie,Balle,team2info7374@gmail.com
333,Skyler,Poulson,team2info7374@gmail.com
334,Abdul,Maudsley,team2info7374@gmail.com
335,Lydie,Filipowicz,team2info7374@gmail.com
336,Bayard,Feldman,team2info7374@gmail.com
337,Chico,Duigan,team2info7374@gmail.com
338,Giavani,Han,team2info7374@gmail.com
339,Terry,Trengrove,team2info7374@gmail.com
340,Luigi,MacRitchie,team2info7374@gmail.com
341,Nikaniki,Pietruszka,team2info7374@gmail.com
342,Armstrong,McDiarmid,team2info7374@gmail.com
343,Goddart,Snarr,team2info7374@gmail.com
344,Georgine,McCallam,team2info7374@gmail.com
345,Joella,Cestard,team2info7374@gmail.com
346,Timothee,Brothwood,team2info7374@gmail.com
347,Francisca,Currum,team2info7374@gmail.com
348,Jammie,Waterson,team2info7374@gmail.com
349,Nixie,Rosberg,team2info7374@gmail.com
350,Valaria,Smalridge,team2info7374@gmail.com
351,Ulla,McMakin,team2info7374@gmail.com
352,Shell,Ellesmere,team2info7374@gmail.com
353,Marabel,Jevon,team2info7374@gmail.com
354,Sybila,Tofpik,team2info7374@gmail.com
355,Olav,Librey,team2info7374@gmail.com
356,Coriss,Brodeau,team2info7374@gmail.com
357,Torrence,Hambelton,team2info7374@gmail.com
358,Kippie,Redmell,team2info7374@gmail.com
359,Laughton,Castelluzzi,team2info7374@gmail.com
360,Dame,Ondrak,team2info7374@gmail.com
361,Kit,Varns,team2info7374@gmail.com
362,Lois,Flacke,team2info7374@gmail.com
363,Zonnya,Jentzsch,team2info7374@gmail.com
364,Kurt,Brandreth,team2info7374@gmail.com
365,Fairlie,Gaither,team2info7374@gmail.com
366,Eleonora,Windrum,team2info7374@gmail.com
367,Elayne,Kerry,team2info7374@gmail.com
368,Kirk,Audibert,team2info7374@gmail.com
369,Genia,Baggallay,team2info7374@gmail.com
370,Daryle,Zollner,team2info7374@gmail.com
371,Alisun,Narup,team2info7374@gmail.com
372,Robbie,Gaskin,team2info7374@gmail.com
373,Clementia,Frere,team2info7374@gmail.com
374,Reilly,Bretton,team2info7374@gmail.com
375,Sheilah,Banfill,team2info7374@gmail.com
376,Roxanna,McInility,team2info7374@gmail.com
377,Franky,Coffin,team2info7374@gmail.com
378,Matthiew,Caspell,team2info7374@gmail.com
379,Fabe,Dobie,team2info7374@gmail.com
380,Gene,Bouchier,team2info7374@gmail.com
381,Berton,Nisco,team2info7374@gmail.com
382,Mella,Longmore,team2info7374@gmail.com
383,Tammy,De Cleyne,team2info7374@gmail.com
384,Vaughan,Killford,team2info7374@gmail.com
385,Marie-ann,Sciacovelli,team2info7374@gmail.com
386,Storm,Comino,team2info7374@gmail.com
387,Taddeo,Haskett,team2info7374@gmail.com
388,Gena,McGibbon,team2info7374@gmail.com
389,Hanson,Oldman,team2info7374@gmail.com
390,Regan,Rahl,team2info7374@gmail.com
391,Woodrow,Scraney,team2info7374@gmail.com
392,Ericka,Farquarson,team2info7374@gmail.com
393,Emilee,Camber,team2info7374@gmail.com
394,Jennine,Markovic,team2info7374@gmail.com
395,Seana,Segoe,team2info7374@gmail.com
396,Oswald,Mangion,team2info7374@gmail.com
397,Adam,Napoleone,team2info7374@gmail.com
398,Simon,Duval,team2info7374@gmail.com
399,Bev,Crop,team2info7374@gmail.com
400,Temp,Vasiltsov,team2info7374@gmail.com
401,Ruy,Raffles,team2info7374@gmail.com
402,Vassili,Root,team2info7374@gmail.com
403,Elysha,Pietrowski,team2info7374@gmail.com
404,Leanora,Gregr,team2info7374@gmail.com
405,Shurwood,Farnon,team2info7374@gmail.com
406,Pet,Loughton,team2info7374@gmail.com
407,Debby,Tucsell,team2info7374@gmail.com
408,Suzette,Jimenez,team2info7374@gmail.com
409,Gayla,Longhorne,team2info7374@gmail.com
410,Dolph,Tabbitt,team2info7374@gmail.com
411,Seana,Idale,team2info7374@gmail.com
412,Tania,Archibold,team2info7374@gmail.com
413,Wendall,Lilywhite,team2info7374@gmail.com
414,Vaughan,Buzzing,team2info7374@gmail.com
415,Nertie,Grishinov,team2info7374@gmail.com
416,Elayne,Hunter,team2info7374@gmail.com
417,Ewell,Blount,team2info7374@gmail.com
418,Sidney,Trainer,team2info7374@gmail.com
419,Sheelagh,Durrington,team2info7374@gmail.com
420,Mirella,Emmott,team2info7374@gmail.com
421,Ernst,Chenery,team2info7374@gmail.com
422,Brocky,Meert,team2info7374@gmail.com
423,Clemmie,Cooper,team2info7374@gmail.com
424,Martin,Clemanceau,team2info7374@gmail.com
425,Aland,Hamflett,team2info7374@gmail.com
426,Rachel,Kynastone,team2info7374@gmail.com
427,Heath,Alywin,team2info7374@gmail.com
428,Lazaro,Tart,team2info7374@gmail.com
429,Constantina,Kelle,team2info7374@gmail.com
430,Humberto,Oxborough,team2info7374@gmail.com
431,Kalle,Danks,team2info7374@gmail.com
432,Egor,Aluard,team2info7374@gmail.com
433,Teresa,Toxell,team2info7374@gmail.com
434,Padget,Farey,team2info7374@gmail.com
435,Odessa,Stigell,team2info7374@gmail.com
436,Martainn,Keiling,team2info7374@gmail.com
437,Livy,Aizlewood,team2info7374@gmail.com
438,Hugibert,Mattheus,team2info7374@gmail.com
439,Elka,Stocky,team2info7374@gmail.com
440,Jazmin,Antoons,team2info7374@gmail.com
441,Shari,Orcott,team2info7374@gmail.com
442,Cacilia,McTavish,team2info7374@gmail.com
443,Pierre,Clark,team2info7374@gmail.com
444,Carlin,Troman,team2info7374@gmail.com
445,Gayler,Chadwen,team2info7374@gmail.com
446,Darline,Tommen,team2info7374@gmail.com
447,Aubine,Davidovics,team2info7374@gmail.com
448,Wood,Caisley,team2info7374@gmail.com
449,Klara,Sicily,team2info7374@gmail.com
450,Morrie,Casali,team2info7374@gmail.com
451,Violet,Salvatore,team2info7374@gmail.com
452,Lorraine,Pibsworth,team2info7374@gmail.com
453,Nicolea,Evenett,team2info7374@gmail.com
454,Garvey,Caisley,team2info7374@gmail.com
455,Ezri,Beldom,team2info7374@gmail.com
456,Ginevra,Mapholm,team2info7374@gmail.com
457,Earvin,Herion,team2info7374@gmail.com
458,Milly,Tanzer,team2info7374@gmail.com
459,Gerhard,Marklin,team2info7374@gmail.com
460,Darrick,Gytesham,team2info7374@gmail.com
461,Van,Keal,team2info7374@gmail.com
462,Rod,Ceeley,team2info7374@gmail.com
463,Sarine,MacAfee,team2info7374@gmail.com
464,Irv,Rutherforth,team2info7374@gmail.com
465,Leesa,Deener,team2info7374@gmail.com
466,Fulvia,Clelland,team2info7374@gmail.com
467,Xylia,Markl,team2info7374@gmail.com
468,Gordy,Pollicatt,team2info7374@gmail.com
469,Chrissy,Killford,team2info7374@gmail.com
470,Haily,Ambrogini,team2info7374@gmail.com
471,Kip,Burniston,team2info7374@gmail.com
472,Albertina,Fricke,team2info7374@gmail.com
473,Francis,Brosnan,team2info7374@gmail.com
474,Vick,Larver,team2info7374@gmail.com
475,Tades,Faulconbridge,team2info7374@gmail.com
476,Amble,Bussens,team2info7374@gmail.com
477,Moria,Haughian,team2info7374@gmail.com
478,Joannes,Kilbey,team2info7374@gmail.com
479,El,Mandry,team2info7374@gmail.com
480,Reamonn,Siddons,team2info7374@gmail.com
481,Cassi,Dougary,team2info7374@gmail.com
482,Dunstan,Hentzer,team2info7374@gmail.com
483,Benji,Gigg,team2info7374@gmail.com
484,Gayleen,McRitchie,team2info7374@gmail.com
485,Bird,Cudbird,team2info7374@gmail.com
486,Travus,Idiens,team2info7374@gmail.com
487,Dur,Lamlin,team2info7374@gmail.com
488,Shayna,Hardwich,team2info7374@gmail.com
489,Vitia,Redbourn,team2info7374@gmail.com
490,Read,Swindles,team2info7374@gmail.com
491,Malena,Friday,team2info7374@gmail.com
492,Gino,Lingner,team2info7374@gmail.com
493,Donica,Favel,team2info7374@gmail.com
494,Tony,Orleton,team2info7374@gmail.com
495,Anstice,Premble,team2info7374@gmail.com
496,Nancie,Peckitt,team2info7374@gmail.com
497,Kienan,Schrir,team2info7374@gmail.com
498,Delmor,Meynell,team2info7374@gmail.com
499,Venita,Etuck,team2info7374@gmail.com
500,Bernardo,McSherry,team2info7374@gmail.com
501,Marve,Dearnly,team2info7374@gmail.com
502,Allys,Harms,team2info7374@gmail.com
503,Libby,Whapple,team2info7374@gmail.com
504,Richy,Bagniuk,team2info7374@gmail.com
505,Humfried,Shapera,team2info7374@gmail.com
506,Melisent,Copcott,team2info7374@gmail.com
507,Ly,Seedman,team2info7374@gmail.com
508,Leonanie,Harryman,team2info7374@gmail.com
509,Tammara,Ringwood,team2info7374@gmail.com
510,Mechelle,Penzer,team2info7374@gmail.com
511,Tanny,Hush,team2info7374@gmail.com
512,Melloney,Domenicone,team2info7374@gmail.com
513,Pietra,Regler,team2info7374@gmail.com
514,Raeann,Dunseath,team2info7374@gmail.com
515,Trace,Weiss,team2info7374@gmail.com
516,Allyson,Conachie,team2info7374@gmail.com
517,Normy,Barabisch,team2info7374@gmail.com
518,Marylin,Flatley,team2info7374@gmail.com
519,Joyann,Siemens,team2info7374@gmail.com
520,Birdie,Bunyard,team2info7374@gmail.com
521,Delphinia,Chasen,team2info7374@gmail.com
522,Somerset,Columbell,team2info7374@gmail.com
523,Thomasine,Hitschke,team2info7374@gmail.com
524,Caresa,Sorel,team2info7374@gmail.com
525,Kenna,Prene,team2info7374@gmail.com
526,Selinda,Patzelt,team2info7374@gmail.com
527,Tait,Melpuss,team2info7374@gmail.com
528,Isidro,Dominguez,team2info7374@gmail.com
529,Xenos,Feldklein,team2info7374@gmail.com
530,Lana,Todman,team2info7374@gmail.com
531,Valentine,Lavalle,team2info7374@gmail.com
532,Curr,Sleeford,team2info7374@gmail.com
533,Cort,Knibb,team2info7374@gmail.com
534,Killie,Heims,team2info7374@gmail.com
535,Saunderson,Barkworth,team2info7374@gmail.com
536,Carver,Flaverty,team2info7374@gmail.com
537,Bord,Waymont,team2info7374@gmail.com
538,Arturo,Pain,team2info7374@gmail.com
539,Leanora,Pickrell,team2info7374@gmail.com
540,Lois,Astlett,team2info7374@gmail.com
541,Marley,Borman,team2info7374@gmail.com
542,Katie,d' Eye,team2info7374@gmail.com
543,Shalne,McEwan,team2info7374@gmail.com
544,Benjy,Adrain,team2info7374@gmail.com
545,Rozalie,Bransgrove,team2info7374@gmail.com
546,Rodrigo,Bernardotti,team2info7374@gmail.com
547,Elana,Crudginton,team2info7374@gmail.com
548,Jehanna,Hairyes,team2info7374@gmail.com
549,Andrei,Garnsey,team2info7374@gmail.com
550,Etta,Whayman,team2info7374@gmail.com
551,Dawna,MacGinlay,team2info7374@gmail.com
552,Tommie,Priestley,team2info7374@gmail.com
553,Willette,Penner,team2info7374@gmail.com
554,Helaina,Joberne,team2info7374@gmail.com
555,Eli,Ratlee,team2info7374@gmail.com
556,Ebeneser,Benedick,team2info7374@gmail.com
557,Guido,Taylot,team2info7374@gmail.com
558,Inger,Golley,team2info7374@gmail.com
559,Elsa,Corran,team2info7374@gmail.com
560,Adela,Whitbread,team2info7374@gmail.com
561,Tristam,Mewton,team2info7374@gmail.com
562,Maxwell,Crayke,team2info7374@gmail.com
563,Mirabelle,Barrett,team2info7374@gmail.com
564,Emilio,Normabell,team2info7374@gmail.com
565,Umberto,Clouston,team2info7374@gmail.com
566,Mylo,Aartsen,team2info7374@gmail.com
567,Kanya,Forgan,team2info7374@gmail.com
568,Giacinta,Udden,team2info7374@gmail.com
569,Mitzi,Clarkin,team2info7374@gmail.com
570,Rozelle,Eppson,team2info7374@gmail.com
571,Traci,Kenford,team2info7374@gmail.com
572,Hurlee,Rye,team2info7374@gmail.com
573,Winna,Mutch,team2info7374@gmail.com
574,Ashil,Baxstare,team2info7374@gmail.com
575,Rochester,Minto,team2info7374@gmail.com
576,Liliane,Ravillas,team2info7374@gmail.com
577,Joellen,Matteuzzi,team2info7374@gmail.com
578,Cori,Gallo,team2info7374@gmail.com
579,Elwin,Purkess,team2info7374@gmail.com
580,Rodney,Dillaway,team2info7374@gmail.com
581,Hilliard,Leavry,team2info7374@gmail.com
582,Genna,Gouley,team2info7374@gmail.com
583,Marin,Sinkinson,team2info7374@gmail.com
584,Myer,Whistance,team2info7374@gmail.com
585,Sylas,Walter,team2info7374@gmail.com
586,Ginevra,Blanko,team2info7374@gmail.com
587,Rickie,Duncombe,team2info7374@gmail.com
588,Zachery,Tomik,team2info7374@gmail.com
589,Lek,Jerche,team2info7374@gmail.com
590,Ernestine,Garvie,team2info7374@gmail.com
591,Dickie,Weetch,team2info7374@gmail.com
592,Holli,Browning,team2info7374@gmail.com
593,Abelard,Hastelow,team2info7374@gmail.com
594,Caleb,Sirmond,team2info7374@gmail.com
595,Betsy,Gillbe,team2info7374@gmail.com
596,Marinna,Gunda,team2info7374@gmail.com
597,Stefan,Charkham,team2info7374@gmail.com
598,Katie,Clutton,team2info7374@gmail.com
599,Alic,Deinhardt,team2info7374@gmail.com
600,Dyan,Werendell,team2info7374@gmail.com
601,Nicholle,Cossam,team2info7374@gmail.com
602,Glenna,Bushell,team2info7374@gmail.com
603,Windy,Rudgley,team2info7374@gmail.com
604,Monty,McCoveney,team2info7374@gmail.com
605,Shirline,Beaudry,team2info7374@gmail.com
606,Julieta,Knowling,team2info7374@gmail.com
607,Morgen,Colcomb,team2info7374@gmail.com
608,Etan,Freer,team2info7374@gmail.com
609,Clem,Gore,team2info7374@gmail.com
610,Laurette,Buist,team2info7374@gmail.com
